{"cameraMode":{"drawMode":0,"name":"Shaded","section":"Shading Mode"},"sceneLighting":false,"audioPlay":false,"sceneViewState":{"m_AlwaysRefresh":false,"showFog":true,"showSkybox":false,"showFlares":true,"showImageEffects":true,"showParticleSystems":true,"showVisualEffectGraphs":true,"m_FxEnabled":true},"in2DMode":false,"pivot":{"x":-0.04910266399383545,"y":0.08637398481369019,"z":0.24290703237056733},"rotation":{"x":0.02348647452890873,"y":-0.6757003664970398,"z":0.02186700887978077,"w":0.7367293834686279},"size":0.9488439559936523,"orthographic":false}